bids_name	cjv	cnr	efc	fber	fwhm_avg	fwhm_x	fwhm_y	fwhm_z	icvs_csf	icvs_gm	icvs_wm	inu_med	inu_range	qi_1	qi_2	rpve_csf	rpve_gm	rpve_wm	size_x	size_y	size_z	snr_csf	snr_gm	snr_total	snr_wm	snrd_csf	snrd_gm	snrd_total	snrd_wm	spacing_x	spacing_y	spacing_z	summary_bg_k	summary_bg_mad	summary_bg_mean	summary_bg_median	summary_bg_n	summary_bg_p05	summary_bg_p95	summary_bg_stdv	summary_csf_k	summary_csf_mad	summary_csf_mean	summary_csf_median	summary_csf_n	summary_csf_p05	summary_csf_p95	summary_csf_stdv	summary_gm_k	summary_gm_mad	summary_gm_mean	summary_gm_median	summary_gm_n	summary_gm_p05	summary_gm_p95	summary_gm_stdv	summary_wm_k	summary_wm_mad	summary_wm_mean	summary_wm_median	summary_wm_n	summary_wm_p05	summary_wm_p95	summary_wm_stdv	tpm_overlap_csf	tpm_overlap_gm	tpm_overlap_wm	wm2max
sub-28920_ses-1_run-1_T1w	0.626005928853755	1.4462949661896765	0.6097	1018.7887	3.80612	3.82095	3.84609	3.75132	0.2597623159118097	0.38406523916906066	0.35617244491912964	0.5606310367584229	0.27227195501327506	0.0	0.001405642306567738	5.997946048709982	5.885086400786651	5.992287456956334	160	240	256	2.3738136446452605	5.829055525248933	5.473455118379861	8.217496185245391	40.12301707810603	60.4496556859571	61.12721030621881	82.80895815459327	1.0	1.0	1.0	114.9005	7.413	17.7055	5.0	2275955.0	0.0	49.0	61.8816	-0.6031	131.2697	457.1275	454.0	417081.9075165575	151.0	751.0	191.2532	-0.564	77.4101	688.8025	684.0	616666.2858742707	499.0	907.0	117.3431	-0.4481	80.9694	907.7608	937.0	571880.8065375461	689.0	1055.0	114.0249	0.24127151298011484	0.5571096287761012	0.5664692879980009	0.7363346180385367
sub-28924_ses-1_run-1_T1w	0.4999884105960265	1.9224936995245385	0.6619	3543.8171	3.83014	3.8787	4.01722	3.5945	0.26463788350592093	0.3877216195413682	0.3476404969527108	0.5982041954994202	0.30518022924661636	0.0	0.003415503427865475	5.226101537170814	5.15524682333948	5.2790780167424405	160	240	256	2.3939423272816702	5.683382367059471	5.92772928756974	9.705863168368081	8.811567265089018	11.984456712394733	12.751993778695352	17.45995735860231	1.0	1.0	1.0	300.2255	0.0	10.2197	0.0	2249228.0	0.0	38.0	36.1339	-0.6194	183.7919	466.4964	486.0	484580.01641742117	125.0	764.0	203.0122	-0.5711	80.6388	670.1686	661.0	709959.3840219845	492.0	889.0	116.3039	-0.3235	70.3577	940.5978	963.0	636566.5999476451	736.0	1065.0	99.2183	0.23375905181710774	0.5325787735334058	0.529233211633117	0.6693734404988625
sub-28925_ses-1_run-1_T1w	0.5228467391304348	1.876309214068036	0.5741	1292.0881	3.659620579929339	3.6168817397880177	3.78975	3.57223	0.261167463624887	0.3882310093522137	0.3506015270228992	0.5435389876365662	0.23058673739433294	0.0	0.00043888684183749575	7.217215065741154	7.13777118571084	7.253683684071989	160	240	256	2.6142833090785937	6.493327634886746	6.180678659415038	9.434425034279775	44.630228247672996	60.4496556859571	63.307168649669485	84.84162201537838	1.100000023841858	1.0	1.0	4.4548	7.413	9.931	5.0	2278131.0	0.0	38.0	13.6854	-0.4433	165.7552	492.9391	505.0	349150.86464691325	177.0	779.0	193.1693	-0.5948	73.7498	690.921	684.0	519020.2129954461	527.0	885.0	105.3388	-0.3492	70.5559	934.8281	960.0	468713.9225060364	727.0	1063.0	101.7549	0.24140881087008179	0.5390529647197233	0.5479798026300088	0.5903510925904341
sub-28926_ses-1_run-1_T1w	0.5440081180811808	1.7739658311333586	0.5944	1684.1093	3.822486336441409	3.7641090093242258	4.04637	3.65698	0.25669309902099374	0.39073564947533507	0.35257125150367113	0.6221096813678741	0.32944616675376887	0.0	0.00035858475284175357	6.509876270370709	6.421793459156422	6.530309507168945	160	240	256	2.5020188038352384	6.852677503528165	5.868862458673868	8.251891068658201	22.99504000110768	30.84147376874403	32.32307397920331	43.132708167758196	1.100000023841858	1.0	1.0	58.7484	0.0	9.7107	0.0	2153937.0	0.0	38.0	14.4446	-0.4283	174.9816	493.4123	507.0	379795.9219114727	150.0	794.0	202.6361	-0.5135	69.75	686.2473	680.0	578121.5263758453	530.0	865.0	99.2312	-0.3687	77.6762	919.8629	951.0	521654.55173910613	691.0	1064.0	115.2462	0.23796450135624303	0.5373908094959146	0.5482536751574717	0.524606124239926
sub-28927_ses-1_run-1_T1w	0.507558947368421	2.0284415815479413	0.6811	11437.309	3.845003333333333	3.87377	4.06381	3.59743	0.25979355097175066	0.3914094435538251	0.3487970054744243	0.4953021705150604	0.23165853321552277	0.0	0.004899425899426118	5.533949664638226	5.479452416536726	5.597875733024093	160	240	256	2.5111873623678016	6.542718877903395	6.974659438778436	11.870072076064114	7.325690981672216	9.912078921947023	10.422613599170726	14.030070893892942	1.0	1.0	1.0	176.7215	0.0	8.5591	0.0	2320444.0	0.0	31.0	45.341	-0.5105	168.2892	490.8098	507.0	450321.72489814763	148.0	791.0	201.8963	-0.6903	80.4737	690.3157	686.0	678462.4756976697	525.0	875.0	104.8493	-0.4362	64.1806	954.3489	971.0	604598.799920291	792.0	1062.0	81.8023	0.24460544669526657	0.5345499000682138	0.5421808400952616	0.7693026264298525
sub-28930_ses-1_run-1_T1w	0.63435234375	1.3110283134866603	0.674	1308.0593	3.9737899999999997	4.07173	4.12642	3.72322	0.26496502804818967	0.38029622567477456	0.3547387462770357	0.6329484581947327	0.30092369616031645	0.0	0.001493411163043986	5.589505508580629	5.496353498739612	5.61085785847948	160	240	256	2.336915716705008	5.454779423672044	5.890506412137261	9.87982409603473	2.6298910450814894	3.8628292124530264	3.9344678215663573	5.310683207164556	1.0	1.0	1.0	82.2211	0.0	27.2273	0.0	1830770.0	0.0	57.0	115.8369	-0.3261	143.026	458.2863	465.0	455266.62076470035	133.0	765.0	198.98	-0.7681	89.0853	690.2377	683.0	653430.299190412	494.0	921.0	125.2112	-0.0814	73.3089	925.1028	939.0	609517.0802785342	744.0	1060.0	95.0421	0.23274803947843517	0.5484813249614613	0.5526566160790849	0.3806636477896279
sub-28931_ses-1_run-1_T1w	0.5846081395348838	1.5903392405650567	0.5821	1497.5012	3.8344802757639536	3.773990827291861	4.04648	3.68297	0.26462221548950093	0.3847734146669964	0.35060436984350263	0.5494763851165771	0.2634052321314812	0.0	0.00037216727926123725	6.979966218989919	6.86810349378146	6.96986047894797	160	240	256	2.2108666054835266	5.995245712462287	5.453339758748389	8.153906958299354	48.49670841764468	75.2306570214488	75.81983495211115	103.73213941723998	1.100000023841858	1.0	1.0	114.6084	5.9304	8.7626	4.0	2077260.0	0.0	34.0	12.4125	-0.7152	145.5335	443.7626	439.0	366443.0223328164	133.0	747.0	198.5644	-0.4629	74.263	688.3898	681.0	532825.7596327409	510.0	907.0	113.5899	-0.4508	76.5659	905.2112	939.0	485509.21807864256	681.0	1047.0	115.1594	0.22491038511847392	0.5449830641184483	0.5503247970503037	0.6045173912357176
sub-28933_ses-1_run-1_T1w	0.5626752613240418	1.770749763352212	0.6202	1345.4877	3.827066666666667	3.79455	4.01236	3.67429	0.2650182970119909	0.38585989058482695	0.3491218124031821	0.5639218688011169	0.27574016749858854	0.0	0.0007543307386094791	5.318608138909295	5.231792296722191	5.351104600583976	160	240	256	2.4262904047081433	5.707153205578563	5.5864666345184695	8.6259562932687	41.448667422096314	58.50536851477134	61.27450478888438	83.8694784297855	1.0	1.0	1.0	324.4294	7.413	12.4665	5.0	2326741.0	0.0	47.0	26.6629	-0.4622	149.6964	459.3079	469.0	477538.32455401216	138.0	751.0	193.299	-0.3097	82.8209	668.2313	662.0	695283.6379223116	486.0	878.0	115.9947	-0.1841	78.6669	922.0261	949.0	629085.0376747097	703.0	1061.0	110.0167	0.2344574932054611	0.5496337592628624	0.5462900419475585	0.7501009652370928
sub-28935_ses-1_run-1_T1w	0.5389058608058609	2.047353282761749	0.6463	4585.2245	3.7139443479547514	3.651673043864254	3.99714	3.49302	0.25506881257153946	0.39338200238404614	0.35154918504441435	0.60089111328125	0.2876362428069114	0.0	0.006469083583063416	6.800623265792264	6.7399197139351115	6.8539106043163125	160	240	256	2.7535444425642717	7.4217071859127195	6.778812285434924	10.161185227827783	25.09655985528322	32.02135137090767	33.94232261908984	44.70905663107863	1.0999999046325684	1.0	1.0	861.0107	0.0	7.3419	0.0	2179264.0	0.0	33.0	14.0965	-0.2018	171.2386	519.7214	540.0	361328.9495347508	175.0	812.0	196.1106	-0.7273	74.3893	693.8585	689.0	557262.5843758846	548.0	854.0	92.8357	-0.3682	72.732	943.2357	962.0	498002.46631982544	757.0	1069.0	94.6739	0.2462524514567131	0.5418289994621877	0.5456024796515724	0.6563298317025665
sub-28937_ses-1_run-1_T1w	0.5917342205323194	1.609814338830988	0.6043	1480.2004	3.6449366666666667	3.74645	3.73285	3.45551	0.25413407876103045	0.3888719199871528	0.3569940012518167	0.6637019515037537	0.32178807258605957	0.0	0.0018709726196833257	6.702558813968217	6.614889086371459	6.723740111312832	160	240	256	2.3493630891191035	6.2232310884383395	5.89650924415804	9.116933554916674	30.55308411863329	42.92582066254264	44.33563928234184	59.528013065849564	1.0	1.0	1.0	182.7437	10.3782	17.7409	7.0	2699447.0	0.0	49.0	63.6606	-0.1813	159.7615	472.2609	484.0	365602.6226181367	123.0	782.0	206.013	-0.7423	81.0102	686.5347	680.0	559439.3105520579	516.0	888.0	109.2679	-0.2034	74.6159	922.3648	943.0	513579.06721095956	720.0	1061.0	103.4338	0.2508577468076239	0.5616475936550752	0.5572803982342671	0.5761780883101357
sub-28938_ses-1_run-1_T1w	0.5991861423220974	1.5616951176029215	0.697	10451.8674	3.6598899734329464	3.6771999202988384	3.81681	3.48566	0.2611705576195294	0.38320964830939436	0.3556197940710762	0.5584869980812073	0.2664848566055298	0.0	0.003925136616787279	6.12094520921572	6.014947282535959	6.1406330697309945	160	240	256	2.504563099691393	5.169671570962212	5.429737227788858	8.61497701271297	12.116979071855598	16.817964728363886	17.488337014496977	23.53006724327145	1.100000023841858	1.0	1.0	522.5236	0.0	6.149	0.0	2151218.0	0.0	30.0	26.0606	-0.384	156.8738	472.2936	482.0	409648.8925304194	154.0	762.0	192.4485	-0.5618	82.7591	675.7387	669.0	601068.5487205791	469.0	921.0	129.4085	-0.4421	77.2236	908.2534	936.0	557793.5588564168	695.0	1045.0	108.6479	0.24181913306820033	0.5422453478093973	0.5491384934047515	0.7671093332305934
sub-28939_ses-1_run-1_T1w	0.4605304635761589	2.3458759518097216	0.6419	15660.9796	3.692849804142733	3.7085094124281985	3.89674	3.4733	0.2518270826543066	0.39580081028407643	0.352372107061617	0.5428968071937561	0.22590539455413816	0.0	0.00506832461098095	6.926894257795983	6.881872493571036	6.997805146472098	160	240	256	2.5282640317880793	6.975549029976015	6.979532589159983	11.434784705715854	30.79267454560274	39.751622245768466	42.73793814582371	57.669517646099926	1.0999999046325684	1.0	1.0	1775.1025	0.0	4.1949	0.0	2548507.0	0.0	25.0	11.0421	-0.5157	204.1228	496.0573	519.0	350370.54575708625	143.0	802.0	205.2789	-0.5856	72.989	677.9138	670.0	550683.2086868766	530.0	847.0	96.0497	-0.397	66.0912	954.5703	972.0	490260.2458776561	787.0	1066.0	85.0037	0.2471887840195055	0.5319127937252409	0.5299044917755219	0.6138794924812166
sub-28941_ses-1_run-1_T1w	0.47844127516778523	2.082925934750962	0.65	7212.2891	3.5533287625974865	3.4992362877924594	3.71347	3.44728	0.2636038551898208	0.3897079850950153	0.346688159715164	0.5200693011283875	0.230855917930603	0.0	0.006761046453223766	6.227180447528013	6.167178406772013	6.303279566120271	160	240	256	2.849273500446435	6.111430387029309	6.549108851914916	10.686622668269003	29.454073596525454	37.34554237144359	40.23537600732911	53.906512054018286	1.100000023841858	1.0	1.0	275.1587	0.0	6.8801	0.0	2174611.0	0.0	32.0	11.7886	-0.2058	178.8284	509.2886	530.0	406001.33980118425	193.0	781.0	186.0121	-0.5389	77.2312	678.2254	672.0	600226.2901878302	504.0	874.0	109.9578	-0.2933	65.3443	949.9197	970.0	533967.3702275917	765.0	1064.0	90.7676	0.2430544321613706	0.5355582179014124	0.5321919662879472	0.7802769545416182
sub-28942_ses-1_run-1_T1w	0.5476745454545454	1.8229937487353178	0.6559	9595.193	3.9338576867847173	3.8418730603541515	4.15828	3.80142	0.263153564305165	0.3867188792982053	0.35012755639662974	0.5994929075241089	0.27977104634046557	0.0	0.007089296323074276	6.72145520066927	6.640078059451613	6.748784557901366	160	240	256	2.157183499432163	5.865956203694806	6.011822373051579	10.01232741602777	23.77269925380183	35.11758826863134	36.062995686533796	49.29869953716822	1.0999999046325684	1.0	1.0	1339.9745	0.0	5.3156	0.0	2122368.0	0.0	27.0	12.7044	-0.7454	159.1278	452.2621	461.0	377694.31113047805	96.0	774.0	213.7043	-0.666	82.9567	688.3608	681.0	555042.9123137639	507.0	908.0	116.0935	-0.3318	67.6538	934.3258	956.0	502524.77700689505	741.0	1058.0	95.4822	0.21878325414996205	0.5374945106526081	0.5386178468730516	0.602851198333498
sub-28943_ses-1_run-1_T1w	0.5420170370370371	1.8425852747470348	0.639	6559.6035	3.814359973600562	3.653999920801685	4.11394	3.67514	0.2580054005457935	0.39045636917232956	0.3515382302818769	0.566249668598175	0.27586378008127205	0.0	0.007796067885491229	7.3243310904274725	7.24199277963235	7.346781933131369	160	240	256	2.470868493722704	7.0964763169136456	6.0992219660436895	8.73032108749472	28.048104257286706	38.48199904099736	40.05269287940541	53.62797533993218	1.100000023841858	1.0	1.0	6.2833	0.0	6.5346	0.0	2245978.0	0.0	32.0	11.6788	-0.374	166.801	489.8892	500.0	340317.89551497134	150.0	792.0	202.3577	-0.563	70.5538	691.9545	686.0	515025.2264721843	540.0	864.0	96.6676	-0.3775	75.7908	927.6165	956.0	463690.8780572277	708.0	1066.0	109.5033	0.23056744661465933	0.5416914808821309	0.5465969793975463	0.6940580624176881
sub-28945_ses-1_run-1_T1w	0.5565988847583643	1.7509669907691623	0.661	7862.6345	3.7390772457326413	3.7363817371979247	3.89391	3.58694	0.2689287724488179	0.38459270975464843	0.34647851779653366	0.5787087678909302	0.2778253197669983	0.0	0.004923428384547588	6.888127711154822	6.793598010017555	6.8842014374051805	160	240	256	1.9945697672120541	6.4122725979453135	5.69053708016716	8.66476887534411	19.54323468600525	32.876919434831485	32.74855664543244	45.82551581546058	1.100000023841858	1.0	1.0	203.7523	0.0	6.0581	0.0	2088290.0	0.0	30.0	13.6101	-0.7482	150.959	415.7179	406.0	378085.07877195603	93.0	735.0	203.5524	-0.5318	74.423	688.2357	683.0	540696.1986203252	518.0	882.0	106.5144	-0.3861	75.3021	921.6342	952.0	487111.7229333443	702.0	1058.0	109.8701	0.21059557676474353	0.5542910007102564	0.5628849753964943	0.6197746885048478
sub-28946_ses-1_run-1_T1w	0.5109982698961937	1.9880664317371914	0.642	8026.348	3.811933305960714	3.788699917882141	4.00969	3.63741	0.26521394793440595	0.3881700304496411	0.3466160216159529	0.5496309995651245	0.23209231346845627	0.0	0.0049921679371228425	7.587701484049611	7.512747137305295	7.612540620657207	160	240	256	2.2563319124312566	6.8391517602645555	6.035013314978648	9.00955627224013	28.526389261476247	44.06835306600468	45.205036776040515	63.020368000640616	1.100000023841858	1.0	1.0	42.4392	0.0	4.5604	0.0	2745666.0	0.0	27.0	9.9902	-0.7773	139.9614	438.2495	435.0	338555.1523131333	134.0	732.0	192.7905	-0.5584	71.8632	676.0414	672.0	495513.0180965239	518.0	847.0	98.2577	-0.544	75.8153	932.0762	961.0	442467.8298646061	713.0	1064.0	106.6644	0.23382425064555404	0.54424611319498	0.5577511458006079	0.5472812681783481
sub-28947_ses-1_run-1_T1w	0.6293475000000001	1.5791526984888715	0.6485	8633.3329	3.4756496711293927	3.5766090133881785	3.59445	3.25589	0.24968496644753888	0.3927842166941819	0.35753081685827914	0.62031090259552	0.3146667182445526	0.0	0.003205446868598535	7.642229545829391	7.541284215644831	7.642951907717647	160	240	256	2.623352786108069	7.443205738530216	5.962565784027486	7.821138827444171	21.40082664961252	28.424898352268453	29.36965653449703	38.283244601610114	1.100000023841858	1.0	1.0	2432.9062	0.0	3.9792	0.0	3578666.0	0.0	25.0	15.9492	-0.3495	162.0258	509.8157	521.0	315756.8519403194	175.0	810.0	198.6005	-0.3188	68.0616	696.1033	692.0	496723.16887872294	549.0	861.0	92.9706	-0.2343	82.9818	905.1777	932.0	452140.9791267546	682.0	1065.0	119.1641	0.25093261692028257	0.5437095338885272	0.5548743441824787	0.49288147084673917
sub-28948_ses-1_run-1_T1w	0.6888488888888888	1.2826527332173447	0.6705	5877.2222	3.6433766416384965	3.464199924915489	4.0153	3.45063	0.26151700634196134	0.38336365595236865	0.3551193377056699	0.6709428429603577	0.3359762877225876	0.0	0.004197201953913449	6.578149920465577	6.434963608651888	6.542377065698593	160	240	256	2.3935575940576785	5.441611873507517	5.088841546610341	7.431355172265828	24.103396744423318	34.53469869684181	34.855402154925876	45.92811102351249	1.100000023841858	1.0	1.0	1308.982	0.0	5.1163	0.0	3178821.0	0.0	30.0	12.9378	-0.4793	171.6045	469.6488	476.0	383069.0648130351	165.0	772.0	198.8669	-0.2386	74.3787	693.4036	682.0	561549.5497717336	501.0	933.0	125.3304	-0.0553	80.6123	876.1618	907.0	520177.3853821758	653.0	1037.0	122.0503	0.23117781560962808	0.5287740997097026	0.5380612249038588	0.5057224879549083
sub-28949_ses-1_run-1_T1w	0.551168131868132	1.8181159395285962	0.6584	4456.165	3.687753333333333	3.75103	3.8379	3.47433	0.2501479784438703	0.39288885057851985	0.35696317097760993	0.5827951431274414	0.2894822955131531	0.0	0.0057374100493307245	6.259771165440504	6.176669296469656	6.2801837710741575	160	240	256	2.4441467535699783	7.082717634967711	5.968768824119813	8.379442083821749	13.603445856039867	18.79496498885508	19.590812841657414	26.374027680077294	1.0	1.0	1.0	567.9792	0.0	7.6452	0.0	2332130.0	0.0	36.0	23.5982	-0.5381	163.1703	481.5279	490.0	385078.0481468616	149.0	781.0	200.4787	-0.5936	71.0716	682.4963	677.0	604813.4894417641	533.0	851.0	95.5847	-0.3243	79.3973	922.4619	950.0	549509.462340973	697.0	1068.0	113.3726	0.2528941687782855	0.5475579826710938	0.5536710429852626	0.5511699645261285
sub-28950_ses-1_run-1_T1w	0.5803729007633588	1.6947459282273019	0.6278	7776.9762	3.764677851696567	3.7497635550897	3.92216	3.62211	0.26098138860859277	0.3875460389363993	0.351472572455008	0.6320981979370117	0.29844742566347116	0.0	0.007521088663954679	7.117942330250465	7.018077584795164	7.109045566019189	160	240	256	2.101722542469741	6.758967017799555	5.6683680748854774	8.144414664387135	21.443648077503425	34.67483518915447	34.69173325698544	47.956716504298434	1.100000023841858	1.0	1.0	6.8419	0.0	7.053	0.0	2312201.0	0.0	35.0	12.9233	-0.7643	150.0105	431.7955	423.0	355110.0680567266	119.0	743.0	201.2632	-0.5311	71.6498	688.6564	684.0	527323.0439746706	527.0	871.0	101.1988	-0.4251	80.4079	914.6395	946.0	478238.888182777	688.0	1061.0	116.1531	0.23217412346585434	0.5543935862620941	0.5676788011336318	0.5539044665224703
sub-28951_ses-1_run-1_T1w	0.6920815789473684	1.44698752384718	0.6454	6431.1489	3.7573360338857094	3.6984181016571287	3.93902	3.63457	0.2547712957822591	0.38825870640133203	0.35696999781640887	0.674583911895752	0.35226261615753174	0.0	0.0054769822521395645	7.419094736360834	7.298904754937118	7.3960617383453195	160	240	256	2.3954832165005873	6.721295401272213	5.61123426963676	7.716924191137477	22.097541588129417	31.985727214750355	32.21784424823911	42.57026394183756	1.100000023841858	1.0	1.0	21.1721	0.0	6.9806	0.0	2400135.0	0.0	36.0	14.1122	-0.6623	146.7558	471.1792	476.0	332171.07022351096	151.0	775.0	198.707	-0.6626	74.0237	694.3261	689.0	506212.08968199254	534.0	881.0	102.5099	-0.2784	83.7709	891.0694	917.0	465417.8401388727	673.0	1051.0	118.8296	0.24669198116980184	0.5537979355405366	0.5626652362103117	0.6295343808657959
sub-28952_ses-1_run-1_T1w	0.49583719298245615	2.0150930993173457	0.6379	4543.3708	3.629122700962023	3.6417181028860677	3.82128	3.42437	0.2544706563169157	0.39489853000310393	0.35063081367998034	0.5496273338794708	0.20427083522081374	0.0	0.004294020479264817	8.863410598136714	8.794059912325835	8.898549162110983	160	240	256	2.304421708789498	7.092412283060201	6.242144541270794	9.329599631962685	30.555177220328737	42.05975811705171	44.10089343743803	59.687744974933665	1.100000023841858	1.0	1.0	13.0247	0.0	4.9665	0.0	2540744.0	0.0	28.0	10.5919	-0.4774	177.4482	480.158	494.0	278202.0808046104	109.0	798.0	214.3701	-0.5521	70.9186	685.2524	680.0	431725.9771465542	533.0	853.0	95.877	-0.3915	70.395	936.4894	965.0	383329.94213093445	722.0	1062.0	103.4341	0.23084732267722674	0.5328037497171134	0.5356210660479954	0.6249860624351393
sub-28953_ses-1_run-1_T1w	0.6591756302521009	1.4916126401853798	0.6658	6383.2945	3.65439647188445	3.7457094156533515	3.7335	3.48398	0.2583042221475672	0.3850653596753305	0.3566304181771022	0.6669960618019104	0.31496856212615965	0.0	0.0038623186863824027	8.268010951107069	8.154048007339645	8.259145283996745	160	240	256	2.389976679886453	6.138022464233797	5.54463083025379	8.105893346641121	23.739026793992213	34.5709068236603	34.97583691822734	46.617577137029485	1.0999999046325684	1.0	1.0	84.5999	0.0	5.156	0.0	2434396.0	0.0	31.0	12.9432	-0.5725	141.7188	466.439	469.0	302485.8678362423	151.0	766.0	196.2359	-0.5858	75.5939	688.5559	683.0	450928.86413805815	511.0	893.0	111.2735	-0.3301	81.2899	897.0885	921.0	417630.2680700056	684.0	1051.0	113.6209	0.24764070548387354	0.5539926894558241	0.5690570008941364	0.5142345397421895
sub-28954_ses-1_run-1_T1w	0.510604044117647	1.9516918358056048	0.6466	12823.8873	3.8594225353549496	3.844827606064849	4.05217	3.68127	0.26209463736251887	0.3877351415870558	0.35017022105042533	0.4779902994632721	0.19955469369888307	0.0	0.005630814637884742	6.682679828705098	6.6101233875039025	6.712748529808739	160	240	256	2.1783299744921902	6.340444396512582	6.556814525633244	11.15166920589496	31.32558866031962	48.10218169840191	48.821510030601836	67.03675973308398	1.0999999046325684	1.0	1.0	7.6896	0.0	4.9638	0.0	2191567.0	0.0	26.0	9.4112	-0.726	147.8568	451.4202	450.0	378871.42735094484	117.0	763.0	206.58	-0.6002	76.9876	697.6671	691.0	560491.3095723506	525.0	903.0	108.9828	-0.3673	61.8967	943.1843	963.0	506189.2635432574	765.0	1051.0	86.3547	0.2306362197901314	0.5406595839620466	0.548438485609098	0.7372380225398438
sub-28955_ses-1_run-1_T1w	0.5145500000000001	1.9004256149448822	0.6485	4523.4375	3.6225133333333335	3.65239	3.8178	3.39735	0.2554540218435111	0.39204549056699456	0.35250048758949437	0.5858776569366455	0.2685904800891876	0.0	0.004418243211299986	6.343019907934373	6.268587295116891	6.384392824381656	160	240	256	2.469293716844962	6.441340447058165	5.841010642302034	8.612397763002972	9.05861068393363	12.207030250910563	12.974189014793831	17.6569261095373	1.0	1.0	1.0	414.9421	0.0	7.8565	0.0	2638108.0	0.0	35.0	35.5824	-0.4275	173.5323	478.0109	492.0	387524.0065935777	142.0	772.0	199.247	-0.5708	74.9867	669.1186	663.0	594733.4012401479	507.0	851.0	102.9288	-0.3774	77.3201	930.5135	959.0	534743.5921778205	703.0	1070.0	111.351	0.24585984107087303	0.538837942340864	0.5410309029065631	0.6504558905348135
sub-28956_ses-1_run-1_T1w	0.4921529010238908	1.9248036698263782	0.6485	2053.4136	3.4649939145067834	3.444681743520352	3.65068	3.29962	0.2495962358578296	0.39353676850571667	0.35686699563645374	0.5640824735164642	0.24223510473966592	0.0	0.0038374890033107396	5.9508199171937175	5.876100602133566	6.000133887122196	160	240	256	2.7871007035716824	6.515417632736673	6.007698232760528	8.720576361973224	14.017716847163449	17.38510134117478	18.812106656466405	25.033501781060988	1.100000023841858	1.0	1.0	10.425	0.0	14.6529	0.0	2413077.0	0.0	69.0	25.0974	-0.4935	211.7341	509.0758	537.0	402289.2291291219	185.0	791.0	192.6731	-0.4823	71.0609	674.0916	666.0	634286.8220428904	518.0	861.0	102.219	-0.2783	73.1399	930.739	959.0	575183.9489197618	701.0	1065.0	109.9697	0.26387726923887245	0.5421464969549968	0.5363788846313976	0.647146658735312
sub-28957_ses-1_run-1_T1w	0.4840390728476821	2.2290224894635604	0.6603	12688.3157	3.685240276297144	3.700190828891433	3.93217	3.42336	0.25957239119889214	0.39364080498578774	0.3467868038153201	0.502520740032196	0.2028909519314766	0.0	0.004493268362812325	7.318175200144239	7.264817200675581	7.376942054458893	160	240	256	2.401403813463977	6.825672377193023	6.549292652337386	10.42080176635516	17.668963177712584	25.12246584582688	26.446692208182213	36.54864760100718	1.100000023841858	1.0	1.0	1060.8164	0.0	4.0248	0.0	2416046.0	0.0	23.0	17.3156	-0.3976	139.6108	462.3092	467.0	342687.9900616957	135.0	754.0	194.4693	-0.6179	74.9449	667.3609	664.0	519685.3781089768	509.0	832.0	97.2797	-0.5586	71.2349	944.2338	966.0	457828.6320455904	757.0	1060.0	92.6991	0.24445232335643102	0.5470662491214595	0.5468948091655444	0.8239475623059007
sub-28958_ses-1_run-1_T1w	0.5326408450704224	1.7311221188199104	0.6889	8340.6554	3.7937064713613746	3.7276094140841236	4.09591	3.5576	0.25658074775898904	0.38766583761589624	0.35575341462511473	0.5472466349601746	0.2649959623813629	0.0	0.005668426725386712	5.621274936258133	5.5309674980056185	5.652724961064385	160	240	256	2.4839431349157604	5.597704316383891	5.697619997188046	9.01121254026449	8.047163494768318	10.99888944879194	11.576042568293767	15.682074761321045	1.0999999046325684	1.0	1.0	244.1821	0.0	8.2017	0.0	2021872.0	0.0	32.0	39.7291	-0.7454	183.8971	471.4966	488.0	437742.66368775466	156.0	760.0	196.4616	-0.5663	78.4258	676.7253	667.0	661381.9542615383	495.0	907.0	119.1559	-0.3937	72.8442	923.8002	951.0	606937.3820684727	706.0	1053.0	105.5351	0.2634884730643744	0.5429690357884208	0.5446153709813779	0.7793525842930926
sub-28960_ses-1_run-1_T1w	0.5610358208955224	1.7269532780765853	0.6472	7852.6135	3.6111130044800657	3.574209013440197	3.80415	3.45498	0.2536190001466311	0.3910260649447623	0.35535493490860676	0.6204981207847595	0.31881162822246545	0.0	0.007525981211108149	6.2429392265881125	6.151036512773134	6.2651854192585805	160	240	256	2.6239462290924904	6.5824868537901295	5.8080958416536435	8.21785444207831	22.497876292808563	29.79210962211759	31.286109219686907	41.568341744134564	1.100000023841858	1.0	1.0	568.0163	0.0	8.1947	0.0	2146710.0	0.0	39.0	14.9094	-0.363	168.8251	498.2529	512.0	390669.3818174151	170.0	789.0	195.1257	-0.5806	72.7045	683.8213	678.0	602328.3388789746	522.0	870.0	103.0005	-0.3218	77.6531	916.6168	946.0	547381.2792663408	690.0	1065.0	115.1151	0.2461163617568635	0.5431458673737705	0.5469250450862522	0.5256730794805129
sub-28961_ses-1_run-1_T1w	0.49004934210526324	2.1846466350569926	0.6273	10617.2416	3.6753275491488147	3.682972647446445	3.89616	3.44685	0.2534956639059095	0.39744738127470736	0.3490569548193832	0.5888363122940063	0.2721124082803726	0.0	0.006567045947255602	7.019820164458898	6.96389921573738	7.0731278524638705	160	240	256	2.573739765198725	7.750007314133553	6.369792184392831	8.785629473846216	29.841004876346503	39.64762543046844	42.4753012957674	57.93727358048726	1.100000023841858	1.0	1.0	7.7515	0.0	5.8473	0.0	2465974.0	0.0	30.0	10.8893	-0.3699	164.274	484.3435	496.0	348484.2916326235	159.0	772.0	192.7154	-0.5628	67.4085	662.7712	659.0	546376.8767901548	526.0	809.0	85.0321	-0.5107	81.5665	935.3291	963.0	479853.83168062044	713.0	1074.0	109.6107	0.24727359565831908	0.5331999255167819	0.5376728413611616	0.599725295381125
sub-28962_ses-1_run-1_T1w	0.5672794776119403	1.8001277982601966	0.6391	7107.5914	3.671513912943336	3.6610817388300085	3.90202	3.45144	0.246586969182229	0.3961632887965163	0.35724974202125465	0.6345945596694946	0.3181308090686798	0.0	0.007422902109557328	6.955872287808683	6.874677955509307	6.981205497235737	160	240	256	2.6083070239727575	7.4002881823351885	6.046711435497741	8.131539100185277	25.84765475662736	32.86621269616101	34.850770458373965	45.83844392233353	1.100000023841858	1.0	1.0	16.1885	0.0	7.9851	0.0	1978390.0	0.0	37.0	13.5348	2.0315	198.8976	512.2996	534.0	341729.3456124435	160.0	822.0	204.7302	1.6161	70.4353	683.8648	679.0	549017.7436588713	541.0	844.0	91.7531	2.1288	81.5956	918.3868	947.0	495089.9107361909	690.0	1067.0	116.46	0.2564981445532544	0.5453876695143741	0.547181385363847	0.5288454016241672
sub-28963_ses-1_run-1_T1w	0.6039475655430713	1.774242100634677	0.585	1325.415	3.4485460358450766	3.42721810753523	3.61567	3.30275	0.2528160251648056	0.3941415452877438	0.3530424295474505	0.6512423753738403	0.3175377070903777	0.0	0.00031760197979670843	8.373208742550327	8.291047847539998	8.404552406860873	160	240	256	2.8149299181252827	7.433536057108793	6.072210224241876	7.968164697491554	39.10668514771348	50.00647686496695	52.92781743783443	69.67029030082287	1.100000023841858	1.0	1.0	4.7739	8.8956	10.4981	6.0	2368857.0	0.0	40.0	14.4153	-0.166	168.2627	514.7576	531.0	291914.5290774149	192.0	798.0	188.6367	-0.7132	72.9265	681.8028	679.0	455096.323532157	536.0	837.0	91.3427	-0.5417	88.3275	919.0672	946.0	407641.14734621305	692.0	1076.0	118.7223	0.2573951182577035	0.544670031157998	0.5531295031516724	0.6061920073808439
sub-28964_ses-1_run-1_T1w	0.577217803030303	1.6853905116095487	0.6989	9906.7402	3.6047733333333327	3.68001	3.6984	3.43591	0.2531548938364077	0.3894916305106005	0.3573534756529918	0.6191267669200897	0.2956330329179763	0.0	0.00464731291872111	5.6167160885527245	5.542797684154212	5.659802920619029	160	240	256	2.577754486506301	6.299823647742801	6.4944295259259555	10.605710443528766	5.377926844701627	7.089085386197599	7.415020346482547	9.778048808548414	1.0	1.0	1.0	243.0868	0.0	10.4551	0.0	2441210.0	0.0	35.0	64.3207	-0.1343	179.4344	508.0248	528.0	432268.0570384441	159.0	815.0	204.8292	-0.7561	83.2625	703.0291	696.0	665066.3070426462	532.0	906.0	110.4792	-0.2379	69.123	945.4368	960.0	610189.6362954611	770.0	1072.0	90.5172	0.25385157683629694	0.5448416466919309	0.5536543380449945	0.5525738660327066
sub-28965_ses-1_run-1_T1w	0.7983525773195876	1.1787548113673008	0.674	2077.0155	3.6261993674531268	3.666018102359379	3.763	3.44958	0.2535871126745941	0.3813411271318377	0.36507176019356813	0.8228348195552826	0.4858020693063736	0.0	0.004002675589486264	6.857542705401462	6.72787209543635	6.849925023653832	160	240	256	2.936359226317554	5.631813909055127	5.405809808858014	7.64925629120136	10.999994446256228	13.940377577082412	14.328197894097855	18.04422165895493	1.100000023841858	1.0	1.0	81.1542	0.0	13.9491	0.0	2061238.0	0.0	67.0	30.9701	0.3411	145.2744	507.4996	520.0	355248.15743101947	196.0	789.0	177.0898	-0.7279	80.009	665.4313	659.0	534217.7342430295	483.0	869.0	117.0137	0.561	74.8714	845.4256	853.0	511426.1082552927	649.0	1018.0	111.514	0.25908795824269737	0.5565457892379456	0.5586934623350236	0.4918316072191337
sub-28966_ses-1_run-1_T1w	0.5074057432432432	2.0093892408894605	0.6349	5217.5425	3.7339017914562125	3.699145374368638	3.9694	3.53316	0.2665783796399823	0.3872748396912501	0.34614678066876753	0.49149635434150696	0.19798434376716617	0.0	0.006675255302481276	7.5074569735594565	7.43597449441312	7.551663986234865	160	240	256	2.4714581591163665	6.3006245935771705	6.070461611504473	9.43930208181988	25.857296090329775	36.87571562346816	38.66597809367658	53.264922567231785	1.100000023841858	1.0	1.0	570.9929	0.0	5.8476	0.0	2330619.0	0.0	30.0	11.8322	-0.4514	139.5576	463.3366	467.0	343065.84811449726	155.0	747.0	188.957	-0.6125	76.7316	671.9449	666.0	498392.898597084	504.0	858.0	105.7037	-0.5497	73.4605	935.2761	962.0	445464.2534875056	727.0	1060.0	101.9142	0.23301473589677005	0.5452651154389784	0.5464035719242075	0.7320288548247907
sub-28967_ses-1_run-1_T1w	0.540705035971223	1.8120672402433635	0.6883	8610.9964	3.6175439130307563	3.648981739092269	3.77816	3.42549	0.2531725635294463	0.3907617821725943	0.35606565429795944	0.6133472919464111	0.27859171628952023	0.0	0.0060323983485325375	7.362388777824697	7.277583086883524	7.384054601312757	160	240	256	2.276795280201421	6.426356270128881	5.764423877807822	8.590120083093165	26.721094868337968	37.78966554601771	39.280382135604206	53.33038599245695	1.100000023841858	1.0	1.0	187.5154	0.0	4.784	0.0	2350539.0	0.0	28.0	11.7194	-0.6617	161.3775	468.4037	478.0	332234.0512094458	111.0	781.0	209.9439	-0.5871	75.0193	681.4253	676.0	512790.04383081273	515.0	872.0	105.1917	-0.3071	75.2967	926.3367	954.0	467258.9050519056	703.0	1068.0	111.0577	0.23924391838758138	0.545796496034089	0.5533598610202634	0.598904358273643
sub-28968_ses-1_run-1_T1w	0.49686164874551975	2.030424897293277	0.6124	10715.3866	3.6548361655281094	3.6306184965843284	3.86964	3.46425	0.2541613883231626	0.39426473527043954	0.35157387640639787	0.555264800786972	0.24738654047250747	0.0	0.007853458938478823	7.056913112006255	6.9969382441933226	7.1127795288621884	160	240	256	2.7709625248063507	7.528135621049976	6.5739396683292455	9.422720859131411	30.964536337621492	38.56492252958313	41.26728206450282	54.27238732630385	1.0999999046325684	1.0	1.0	5.8233	0.0	6.6381	0.0	2603145.0	0.0	33.0	11.6367	11.6951	188.6199	531.884	550.0	346947.5780576244	198.0	825.0	198.4867	1.3471	67.7668	689.4044	685.0	538198.1736804331	546.0	846.0	90.9919	5.2926	70.8576	940.7241	964.0	479922.24834890105	733.0	1067.0	102.3058	0.24807147596195997	0.5352379941821328	0.5479221147786708	0.5927804758722717
sub-28969_ses-1_run-1_T1w	0.465628178694158	2.385230375771998	0.6291	7231.43	3.7498616252822554	3.8108548758467653	3.86376	3.57497	0.24713814191016015	0.40098691766711647	0.3518749404227235	0.5540390610694885	0.2539432108402252	0.0	0.005186290284471037	6.514350551902576	6.4753470693486985	6.59049687770165	160	240	256	2.840000539834349	8.115794443079322	7.354152095075318	11.106661302312286	30.65085320550243	36.73792950114702	39.934093455792265	52.41349766072735	1.0999999046325684	1.0	1.0	168.875	0.0	6.0628	0.0	2799017.0	0.0	31.0	12.1619	-0.1375	210.7461	539.0354	569.0	364817.16960744513	177.0	839.0	200.3518	-0.6082	68.1378	687.0908	682.0	591923.6554190385	557.0	833.0	84.0336	-0.4263	67.36	954.8963	973.0	519426.17529054475	781.0	1068.0	87.605	0.2479583303482174	0.5256966973608892	0.5246872693130589	0.6487180012382385
sub-28970_ses-1_run-1_T1w	0.5114310218978102	2.1229840625128773	0.6373	10229.1049	3.5870248229180355	3.538754468754108	3.75204	3.47028	0.24893094200475283	0.39836116436302615	0.352707893632221	0.5662824511528015	0.23965135216712952	0.0	0.004766388315885315	7.648299564399823	7.590124589140637	7.691788360016558	160	240	256	2.6181441468479174	8.392468517052544	6.929036110839145	9.776495668616972	35.18779387391811	46.38086354428826	48.7713993820719	64.74554072800933	1.100000023841858	1.0	1.0	15.2431	0.0	4.1429	0.0	3368702.0	0.0	26.0	9.7746	-0.3615	169.9763	510.8965	525.0	314754.50638124044	170.0	809.0	200.5234	-0.637	67.0716	695.3673	692.0	503697.8153087393	563.0	835.0	82.4548	-0.4996	73.0605	942.8821	966.0	445972.67845817714	743.0	1070.0	98.8083	0.25492778215117134	0.5394480577397777	0.5532058417239484	0.5869089345701393
sub-28971_ses-1_run-1_T1w	0.4632432989690721	2.1232842209675273	0.5435	1957.0091	3.7271285922161965	3.7152457766485885	3.87949	3.58665	0.2511308694068476	0.3971345384032243	0.35173459218992814	0.5611745715141296	0.26679681539535516	0.0	0.00038559037049363734	7.221105466774108	7.163231786093416	7.284110219938607	160	240	256	2.9363326834125396	7.66353062686419	6.63919637730493	9.317725821638058	49.49094617563739	59.83101885876163	64.95686685552408	85.54863553217321	1.0999999046325684	1.0	1.0	10.5804	7.413	10.4752	5.0	2585364.0	0.0	38.0	13.6559	-0.2131	199.4926	533.4674	560.0	334975.6816633658	200.0	816.0	190.7138	-0.484	64.907	682.1747	677.0	529725.4496346631	542.0	836.0	88.3404	-0.3069	69.8968	941.6712	968.0	469167.8687757312	725.0	1073.0	103.8879	0.2514959355182956	0.5202352926270958	0.5294307833665894	0.6054122923667523
sub-28972_ses-1_run-1_T1w	0.5090359322033898	1.7719556113542543	0.6895	6329.9816	3.8449933333333335	4.02083	3.97324	3.54091	0.260709663258368	0.3872214058501992	0.35206893089143276	0.5211149752140045	0.24266484975814817	0.0	0.0012686588778542212	5.542902354299179	5.465864306313933	5.581973582920983	160	240	256	2.1779165116705603	5.42401983550032	5.90616835241829	10.116568710083989	4.958540893921152	7.410079009260246	7.683704681258878	10.682494140595235	1.0	1.0	1.0	107.455	0.0	10.8016	0.0	2413577.0	0.0	32.0	59.0589	-0.5645	161.7974	445.4158	447.0	451611.18575914355	113.0	754.0	205.2418	-0.5519	82.4139	674.9831	668.0	670759.6337694174	480.0	909.0	123.1558	-0.4425	67.7517	939.6868	963.0	609867.1808388773	743.0	1056.0	95.1903	0.23479697927461235	0.540726317534364	0.5425887631387764	0.7324774869208861
sub-28973_ses-1_run-1_T1w	0.5479183453237411	1.8370615839387459	0.6372	10043.5768	3.7276640475603204	3.7428821426809606	3.89365	3.54646	0.26526870554216464	0.3890944415200858	0.3456368529377495	0.6021966338157654	0.28272876143455505	0.0	0.0053184941648378725	7.604672940838199	7.520268490392337	7.619504426499859	160	240	256	2.3115738791222866	7.19315635624577	5.856441972719021	8.064595682789005	26.175147933971193	38.746107139102094	39.87500606315495	54.70376311639155	1.0999999046325684	1.0	1.0	9.3141	0.0	5.3697	0.0	2439970.0	0.0	31.0	11.4132	-0.4789	137.8426	455.3669	456.0	337692.63280573965	130.0	752.0	197.2679	-0.5433	69.9009	677.9126	675.0	495325.39504970546	526.0	838.0	93.8391	-0.4737	82.4204	919.8435	953.0	440002.9721737618	687.0	1066.0	118.1707	0.221501763943036	0.5429178372669912	0.5514321400871153	0.5424815062504863
sub-28974_ses-1_run-1_T1w	0.6328717213114754	1.515972697396379	0.6364	3380.7963	3.4081602785151595	3.3931908355454783	3.57593	3.25536	0.2511309161684407	0.39326929959340867	0.35559978423815064	0.6172439455986023	0.31990489959716795	0.0	0.006910070568212155	6.7624945264735965	6.653785133428212	6.753127491923937	160	240	256	2.4577177401409456	7.143868333514473	5.596299832333634	7.1873134233454845	24.067333011589962	32.18415904687128	33.31673942388728	43.6987262132006	1.100000023841858	1.0	1.0	6.5533	0.0	7.7579	0.0	2708169.0	0.0	39.0	13.8827	-0.2605	174.5952	497.3604	510.0	358073.00777024776	139.0	812.0	207.5093	-0.5294	68.5168	686.8641	682.0	560739.8846689952	536.0	858.0	95.4664	-0.1581	85.9039	892.642	926.0	507029.10755600245	657.0	1062.0	128.838	0.2385412954384679	0.542029070988026	0.5431915444189662	0.6155086763288871
sub-28975_ses-1_run-1_T1w	0.5459105454545455	1.8171718737498994	0.6484	3473.2363	3.5413693687730983	3.483318106319295	3.71936	3.42143	0.2496149490714763	0.3932159559078143	0.35716909502070937	0.5653741359710693	0.27101950645446776	0.0	0.007280020114918818	6.348346996855373	6.264942994618613	6.385626171334182	160	240	256	2.8600999953867965	6.8264635962765885	6.018888088226967	8.370100673017514	25.84998276758197	32.42038655080781	34.62650752911722	45.60915326896188	1.100000023841858	1.0	1.0	5.9368	0.0	8.0938	0.0	2355620.0	0.0	38.0	13.6603	-0.2037	183.2945	519.4338	539.0	377769.01121966704	195.0	798.0	188.4547	-0.5657	71.0381	681.0221	676.0	595095.7801672204	525.0	856.0	99.0263	-0.4926	79.0873	921.0308	951.0	540542.2085740574	694.0	1063.0	113.6186	0.2561427206003514	0.5455053412768954	0.5450463788583846	0.6303506457426646
sub-28976_ses-1_run-1_T1w	0.5016236301369864	2.08282009257776	0.6469	9288.676	3.679371923908054	3.6584457717241605	3.90601	3.47366	0.2558316993163051	0.39393903405592995	0.3502292666277649	0.5984494686126709	0.2686703443527222	0.0	0.0072520227518320214	7.036624745939057	6.9741316007007255	7.086444769641522	160	240	256	2.470487831844966	7.0499593224359165	6.334336294558768	9.482561729395423	27.7267884746922	37.753243296853626	39.86309319425444	54.10924781121751	1.0999999046325684	1.0	1.0	497.5095	0.0	5.3952	0.0	2428245.0	0.0	29.0	11.696	-0.3279	161.2607	482.8095	495.0	350779.2854080829	141.0	779.0	200.365	-0.6258	73.3327	677.2212	674.0	540142.8096275106	523.0	841.0	95.6033	-0.1766	73.1414	940.8929	966.0	480210.9050794019	733.0	1069.0	101.8711	0.24900580518828583	0.5396351603312407	0.5466714580353557	0.5320126265346237
sub-28977_ses-1_run-1_T1w	0.4525246006389776	2.3512586494972805	0.6403	3599.1947	3.7215861670510986	3.683318501153296	3.90091	3.58053	0.26028137035940846	0.3947555435971628	0.34496308604342885	0.563690721988678	0.25775898098945615	0.0	0.005985199333659178	6.319661759788169	6.273501408560899	6.401879739951869	160	240	256	2.7414829361302773	6.806582200970035	6.780514136028931	10.793477270986482	27.65656119521124	35.705052636786384	38.65796672273342	52.61228633620264	1.0999999046325684	1.0	1.0	30.0008	0.0	7.2248	0.0	2405212.0	0.0	33.0	12.1284	-0.4717	177.6225	492.1507	512.0	395765.37186663307	182.0	765.0	186.76	-0.5906	74.7582	665.4829	661.0	600237.2520646241	511.0	832.0	97.1118	-0.4165	66.882	953.6517	974.0	524526.376358476	771.0	1069.0	90.2396	0.25399287694577777	0.5344404283957748	0.5333738879212764	0.7219110070311582
sub-28978_ses-1_run-1_T1w	0.49324766666666664	2.0797425199145003	0.6364	10869.9931	3.6602363376508413	3.5967090129525223	3.90448	3.47952	0.2524062159901045	0.39542493771972254	0.35216884629017303	0.6150577068328857	0.3069762766361237	0.0	0.003954570555180427	6.155622825157415	6.092946751207631	6.217113772923904	160	240	256	2.8212206380801557	7.03760618257909	6.23677140741195	8.851487401576602	28.974011859465328	35.71842802786974	38.86582223979179	51.90502683204031	1.100000023841858	1.0	1.0	259.044	0.0	6.3313	0.0	2224476.0	0.0	32.0	12.1422	-0.361	201.5207	510.1884	537.0	393575.24576295086	188.0	790.0	190.3429	-0.5676	71.1766	667.5503	662.0	616583.3374323109	521.0	832.0	94.066	-0.4219	76.7977	934.7144	962.0	549134.4168566106	711.0	1071.0	108.6822	0.2621196334517878	0.5348346108026718	0.5357233412883048	0.5853525834495881
sub-28979_ses-1_run-1_T1w	0.46084327868852465	2.225874731707198	0.6239	7149.4071	3.6918251252772207	3.631645375831661	3.87595	3.56788	0.2598013450257184	0.3935581757274045	0.3466404792468771	0.5072121620178223	0.20666484832763676	0.0	0.006943994586388167	7.3686687022085335	7.31505747384356	7.436676753981544	160	240	256	2.5481844913132075	6.6821585353573685	6.561088992392233	10.452923950506122	30.802946805568357	40.34582052180326	43.30531933253434	58.7671906702314	1.100000023841858	1.0	1.0	8.093	0.0	5.5961	0.0	2763953.0	0.0	29.0	10.847	-0.3816	181.159	489.3202	510.0	340044.36790763447	141.0	782.0	200.1422	-0.5973	75.0087	673.0132	668.0	515113.7346377444	514.0	846.0	99.9676	-0.3614	65.5485	949.8241	973.0	453704.8976595377	758.0	1064.0	93.0839	0.23408921383892475	0.5320950802534855	0.5264423713085247	0.7579520611050584
sub-28980_ses-1_run-1_T1w	0.5653672727272727	1.7642021292627275	0.6244	10783.1828	3.594818459127127	3.5601453773813816	3.72763	3.49668	0.2550709044028241	0.39234738071410014	0.35258171488307577	0.6052477359771729	0.26572378426790233	0.0	0.00754355949646809	8.236666031519801	8.147192135959855	8.256664999894285	160	240	256	2.5392801361182604	6.97560999689335	5.752780468816326	7.743451273437368	29.539469482753898	40.12344943912524	42.07680167212785	56.567486094504424	1.100000023841858	1.0	1.0	61.3795	0.0	4.9105	0.0	2805155.0	0.0	29.0	10.9561	-0.3944	159.3147	485.1875	494.0	299583.327918825	162.0	774.0	194.543	-0.5274	69.642	675.1349	671.0	460815.92210508086	521.0	842.0	96.1922	-0.5745	85.834	912.7031	946.0	414110.7499316517	675.0	1066.0	122.1676	0.23773694891703265	0.5390943539300511	0.5432233650469482	0.6502144213378329
sub-28981_ses-1_run-1_T1w	0.5455561151079137	1.8635220138200543	0.6567	7171.8563	3.7389125318899326	3.7249275956697976	3.97824	3.51357	0.24825277729865228	0.3953123100149971	0.3564349126863506	0.6445322334766388	0.3406325727701187	0.0	0.006814456327045701	6.3230285813937455	6.2475205924420605	6.358997465248079	160	240	256	2.647519027289098	7.212070854686044	6.032109811965969	8.236739553922764	23.79154936244007	29.984480750790574	32.04879121357408	42.370343527491585	1.0999999046325684	1.0	1.0	234.458	0.0	7.5391	0.0	2077256.0	0.0	37.0	14.7045	-0.4298	204.4985	510.5496	534.0	377527.43204043317	166.0	816.0	201.698	-0.6059	70.4957	678.5461	673.0	601166.4517025473	534.0	843.0	93.3157	-0.336	81.1689	924.2984	951.0	542044.1162442716	694.0	1074.0	115.4582	0.25646104513685053	0.5359524331972667	0.541441968083921	0.4541670386467785
sub-28982_ses-1_run-1_T1w	0.5178472924187726	1.9762157354592724	0.6499	10637.0604	3.5896414896764575	3.526054469029373	3.80183	3.44104	0.2563319081103234	0.3935789023431832	0.3500891895464934	0.5321330726146698	0.25962442457675927	0.0	0.005682670681757389	6.451040200037196	6.3797485979749675	6.497017363834751	160	240	256	2.788740646799792	7.248019134489956	6.459217996240997	9.34089420743324	33.72872322809309	43.104804871723445	45.78967836251692	60.535506987734244	1.100000023841858	1.0	1.0	15.0153	0.0	5.0041	0.0	2553395.0	0.0	28.0	10.4111	-0.2206	172.0971	518.0222	536.0	382204.20424949704	185.0	802.0	192.2012	-0.6075	71.1628	689.2788	685.0	586846.609493204	540.0	854.0	94.5085	-0.4943	72.2809	933.4401	962.0	522001.1862486502	724.0	1060.0	102.9879	0.24433025346543763	0.5317081570268123	0.5384609785540801	0.728995312678787
sub-28983_ses-1_run-1_T1w	0.5395615384615384	1.9960492672497308	0.6393	3183.3725	3.68694906451668	3.6530271935500402	3.90887	3.49895	0.24622936000007967	0.3997468361434517	0.35402380385646864	0.6190814077854156	0.31633268147706994	0.0	0.006741188262365594	6.854373499188233	6.790391253702168	6.895101613479351	160	240	256	2.7934368235983063	8.563504052830904	6.674218508099588	8.665714647869551	26.73418780330847	33.87653111254116	36.009314184048144	47.4172236362948	1.100000023841858	1.0	1.0	160.1928	0.0	6.741	0.0	2872087.0	0.0	35.0	13.2085	-0.3374	174.6808	522.5298	539.0	346395.463630649	194.0	813.0	192.952	-0.6257	64.8748	685.5203	683.0	562363.8490582571	557.0	821.0	79.757	-0.5028	82.4255	929.4241	956.0	498040.68724017206	710.0	1072.0	110.3197	0.25339185860697144	0.5391681660364166	0.5444537723942383	0.5134567451141347
sub-28984_ses-1_run-1_T1w	0.5470685920577618	1.8492027200700736	0.6335	7169.7391	3.503475732345096	3.492227197035287	3.72251	3.29569	0.25235047043853365	0.3921644623572026	0.3554850672042638	0.6444092392921448	0.3098003447055817	0.0	0.0073845897031750195	6.561892071683953	6.482325750982004	6.5919066521749885	160	240	256	2.526488265149641	6.980008620891558	5.972199648647613	8.410102059901636	25.71573014309172	34.68037710532489	36.42207994370162	48.87013258268824	1.100000023841858	1.0	1.0	8.2895	0.0	6.7157	0.0	2645759.0	0.0	35.0	12.789	2.7679	168.7891	491.0311	502.0	370534.52332389797	163.0	787.0	198.6945	0.7398	72.171	681.4372	677.0	575828.0215272785	528.0	851.0	96.9912	2.684	79.367	926.4876	954.0	521970.45520221983	701.0	1071.0	113.4349	0.2571588887311834	0.5482286608681587	0.5575780872939113	0.5413596757789964
sub-28985_ses-1_run-1_T1w	0.48450137931034487	2.1535062008523234	0.6416	7953.6375	3.737326336586627	3.744009009759881	3.94479	3.52318	0.26056132594027864	0.3906686471968806	0.3487700268628408	0.49883903563022614	0.2181627601385116	0.0	0.005049194914370474	6.998876859363459	6.939824930748442	7.049657592873142	160	240	256	2.3633797665154006	6.6489430237532146	6.708049539562857	11.111825828419956	31.021629087291714	44.25144149216612	46.14141469286247	63.15117349912956	1.100000023841858	1.0	1.0	9.8728	0.0	4.9914	0.0	2664489.0	0.0	27.0	10.0525	-0.6361	164.6084	468.4713	476.0	359479.26443386334	144.0	770.0	201.4062	-0.6156	75.8377	685.5532	679.0	538979.7485291263	525.0	867.0	102.1214	-0.4009	64.6677	949.0233	969.0	481174.9873500766	772.0	1059.0	87.2043	0.2461037841318609	0.5350087192914303	0.5450862499536151	0.7706717441711192
sub-28987_ses-1_run-1_T1w	0.5627535580524344	1.7683502288410824	0.687	11125.3598	3.821176638983381	3.831699916950141	4.10235	3.52948	0.2621861280767232	0.385529751675496	0.3522841202477807	0.5825022161006927	0.26947021931409837	0.0	0.003342207087090696	7.377119238067805	7.290866211001508	7.404196861370396	160	240	256	2.4864857644628526	6.20935273241249	5.989446952103908	9.27250235943638	26.294267342809324	37.313856561165096	38.49582570174781	51.87935320126902	1.100000023841858	1.0	1.0	1208.8966	0.0	3.4073	0.0	2623607.0	0.0	22.0	12.0093	-0.3445	135.6119	477.0827	482.0	343244.11583854887	151.0	767.0	193.8476	-0.6163	76.2492	688.2293	684.0	504720.900812064	511.0	889.0	110.1563	-0.3879	74.006	927.238	951.0	461196.9834766621	723.0	1061.0	102.5612	0.23982431390341793	0.5465680710669706	0.5629067098979735	0.61228724584735
sub-28988_ses-1_run-1_T1w	0.5331897058823529	1.843645023106134	0.6422	9148.664	3.728255864497895	3.6998275934936866	3.94588	3.53906	0.26091673159890355	0.38963882066843863	0.3494444477326577	0.5323634743690491	0.2406117677688599	0.0	0.006198697292037345	7.770684617104578	7.686711592394458	7.792232078631187	160	240	256	2.482265499938513	7.045595219790836	6.050182880077774	8.622687920503973	31.14178501615788	44.22003984622834	45.73072934805166	61.83036318176877	1.0999999046325684	1.0	1.0	9.5366	0.0	4.9108	0.0	2366246.0	0.0	27.0	10.1189	-0.4501	137.9025	478.7199	481.0	324853.0721004957	161.0	767.0	193.7743	-0.5278	69.4831	687.1859	683.0	485117.8654894982	531.0	857.0	96.9399	-0.4904	75.5445	924.5428	955.0	435074.0624365999	702.0	1063.0	110.7542	0.2357447183743832	0.542771723690426	0.5504598178521756	0.7197330837775733
sub-28989_ses-1_run-1_T1w	0.5637371647509579	1.8107580595151431	0.6381	3612.4379	3.6410576774560472	3.5190730323681425	3.8919	3.5122	0.25436026643736614	0.3912719833856913	0.35436775017694244	0.5664480924606323	0.28052537441253667	0.0	0.007371529633210719	6.5791528540260185	6.4979479869894945	6.614504624870914	160	240	256	2.802014305552069	6.926083252779494	6.3214472385631995	9.236244157358037	25.25174905768862	32.13436206052088	33.886018072502964	44.271943099299385	1.0999999046325684	1.0	1.0	20.113	0.0	8.5776	0.0	2485597.0	0.0	38.0	14.0877	-0.2486	173.4499	523.8133	543.0	371947.20225116424	191.0	814.0	193.7889	-0.6436	73.0624	697.005	691.0	572151.1522925218	541.0	876.0	99.7677	-0.3828	74.073	928.3134	952.0	518186.6456285117	723.0	1062.0	103.0721	0.24304464180502522	0.5417813726636571	0.5469341372796079	0.6166038346899407
sub-28990_ses-1_run-1_T1w	0.4713204013377927	2.2280137307244168	0.6244	4648.0023	3.5813102772616556	3.5666908317849675	3.78182	3.39542	0.2475566345863757	0.40151772038661404	0.3509256450270103	0.5809784531593323	0.28397794961929324	0.0	0.007313608730848934	6.6901905618872375	6.640104795060692	6.749789956127826	160	240	256	2.795632012717077	8.480753922842565	6.7379429350270605	8.93744286952154	29.979205366963615	36.69014675186189	39.935602011771714	53.13745391648964	1.100000023841858	1.0	1.0	6.3932	0.0	6.8206	0.0	2708364.0	0.0	33.0	11.9099	-0.2164	203.4181	520.1363	545.0	356346.140327716	182.0	813.0	194.9467	-0.521	62.6005	671.0935	667.0	577965.8871676525	547.0	808.0	78.6486	-0.5367	78.3243	937.7461	966.0	505140.9725145434	715.0	1073.0	108.0845	0.2523773114758407	0.5175050176666197	0.5213152841102902	0.6614902567337747
sub-28993_ses-1_run-1_T1w	0.4341186885245902	2.4857080070373323	0.629	8609.4061	3.8711936084073177	3.8694908252219538	4.05781	3.68628	0.2566635739759631	0.39633483595334557	0.34700159007069126	0.5577259361743927	0.26726078242063517	0.0	0.006311025147000446	6.4674723982137685	6.430482248100267	6.551066612167905	160	240	256	2.7059716159684433	7.422913157118449	7.3349843960794985	11.876068415151606	30.46585644474804	38.49828563922022	41.65388282276286	55.997506384320324	1.100000023841858	1.0	1.0	5.3862	0.0	6.7379	0.0	2304834.0	0.0	31.0	11.4186	-0.0843	191.9479	506.9669	531.0	381758.320060353	169.0	795.0	196.2324	-0.5301	69.393	677.3981	671.0	589503.6791201023	536.0	835.0	90.3957	-0.0856	63.0132	960.1278	976.0	516126.00117562624	798.0	1069.0	82.182	0.24020874286281824	0.5233077011944471	0.5224144249811017	0.5660566284825382
sub-28994_ses-1_run-1_T1w	0.5166769759450172	1.9704800234279394	0.6458	12705.4744	3.623003913365265	3.6026817400957944	3.8544	3.41193	0.27375937002448003	0.38533926063409063	0.3409013693414294	0.5544437170028687	0.23263726830482467	0.0	0.008068460084130919	7.497078056865494	7.424939761048489	7.53829385219235	160	240	256	2.332168908885445	6.178568399778451	6.056721936864162	9.659428501928593	30.26157331081425	44.725805488009605	46.36997320093196	64.12254080397204	1.100000023841858	1.0	1.0	7.7042	0.0	5.004	0.0	2185366.0	0.0	27.0	9.8287	-0.4213	141.6768	452.7964	454.0	352926.1997550437	133.0	747.0	194.6683	-0.6144	78.3424	675.6998	671.0	496773.20947899215	501.0	866.0	108.6011	-0.4932	72.0106	936.1171	962.0	439484.5910194879	733.0	1060.0	99.5917	0.22192570870759837	0.5368512150415594	0.553673443921798	0.6239229528167033
sub-28995_ses-1_run-1_T1w	0.5547183823529411	1.6750302293037547	0.6791	5882.5033	3.9673800000000004	3.95683	4.14873	3.79658	0.24753880283636984	0.39210235282976813	0.36035884433386206	0.6131015419960022	0.32857281118631365	0.0	0.0014803956613796607	4.649541533306284	4.5629508343210885	4.680153410211744	160	240	256	2.671758589025959	6.274849667235912	5.819521172043873	8.51195525986975	6.7574537799659495	8.415416417429714	9.001564824613874	11.831824276445959	1.0	1.0	1.0	169.0038	0.0	13.2494	0.0	1929451.0	0.0	43.0	52.1592	-0.4076	226.1484	509.3145	538.0	507362.4613865374	169.0	815.0	201.3653	-0.5649	74.5585	679.2169	670.0	803663.9612362809	520.0	882.0	106.7754	-0.2531	76.3249	916.0314	942.0	738601.5774039831	693.0	1058.0	110.6678	0.25266339897583723	0.538135390281576	0.5385338991933041	0.6406621595513627
sub-28996_ses-1_run-1_T1w	0.5705313868613139	1.5361963476626557	0.6802	4108.1719	3.8200633333333336	3.8524	3.98496	3.62283	0.2579094315736998	0.3894268745350054	0.3526636938912947	0.6680691242218018	0.3547840416431426	0.0	0.004636033848386134	5.459904258758467	5.377372963166466	5.489715744394947	160	240	256	2.5145311816195153	6.5837295627826595	5.906152650274296	8.620197206420714	3.3638005850412687	4.614970314843204	4.822359104300356	6.488306413016594	1.0	1.0	1.0	183.4847	0.0	15.4151	0.0	2474783.0	0.0	42.0	95.8223	0.9633	162.6979	480.5536	492.0	453309.0963649923	162.0	773.0	195.6625	-0.6476	75.479	680.7264	675.0	684467.9681489717	519.0	862.0	102.5254	0.6684	80.8466	925.0689	949.0	619851.9357091449	708.0	1069.0	110.0902	0.2546414388428643	0.5449239293230062	0.5595791943808303	0.441385944050785
sub-28997_ses-1_run-1_T1w	0.5901557251908397	1.5551505102158365	0.6722	8978.9318	3.77662	3.91908	3.90185	3.50893	0.26494049784991297	0.3844953943464084	0.3505641078036785	0.6408173441886902	0.3113653361797333	0.0	0.005445806009489688	6.878482339835832	6.768337389324492	6.857243484122973	160	240	256	1.9598083164436728	6.24513817429198	5.347374917843912	7.837178262796086	5.659764368471367	9.768121245077488	9.653202171605988	13.531720901269109	1.0	1.0	1.0	500.9727	0.0	6.9462	0.0	2392341.0	0.0	29.0	45.6068	-0.919	153.5899	406.4674	394.0	373089.4740810086	101.0	725.0	201.0398	-0.4914	73.1575	684.497	680.0	541446.7989130738	510.0	886.0	108.8846	-0.4801	81.4633	907.404	942.0	493664.7272635725	677.0	1057.0	120.1962	0.217252205199194	0.5543319843609965	0.5696496665537039	0.5156796078593877
sub-28998_ses-1_run-1_T1w	0.5865763999999999	1.5735586575068132	0.6633	3721.4373	3.6658233333333334	3.80751	3.72924	3.46072	0.2592150536453968	0.3881096309256426	0.3526753154289607	0.6422936916351318	0.3442039757966993	0.0	0.005339561719285203	5.781952209429615	5.68729253180483	5.793744771397113	160	240	256	2.4750801356506433	6.675028564332093	5.957267710870336	8.721694432628272	6.208373155983653	8.6220492927789	8.854293044772945	11.732456685556281	1.0	1.0	1.0	276.3873	0.0	10.8951	0.0	2506982.0	0.0	39.0	52.6568	3.1547	159.9404	491.9579	499.0	430990.389375346	163.0	794.0	201.6094	3.7353	72.6703	698.8769	693.0	645300.1806823689	536.0	890.0	103.8197	3.4281	73.9738	918.4829	943.0	586384.4301563385	708.0	1060.0	108.1211	0.23688668010657954	0.5456049237531972	0.5599471126242975	0.5302229393166951
sub-28999_ses-1_run-1_T1w	0.5451564393939394	1.638310198371843	0.6928	-1.0	3.9793400000000005	4.0756	4.14106	3.72136	0.2572348314602293	0.38838435713495606	0.35438081140481464	0.6649038791656494	0.37355511784553525	0.0	0.004781971134940745	5.42984145102336	5.334712210121433	5.440060260440273	160	240	256	2.24969500211595	6.220081947520882	5.651155661112784	8.48369003370152	7.425811986207389	10.599369529786548	10.91724639375753	14.726557665278655	1.0	1.0	1.0	752.8697	0.0	7.3432	0.0	2201927.0	0.0	35.0	41.9065	-0.4817	179.6681	468.3312	475.0	454893.3043255671	126.0	783.0	211.1395	-0.4593	71.8471	686.5163	678.0	686817.7321188189	518.0	897.0	109.0017	0.0127	72.0742	914.4654	942.0	626685.9638502551	692.0	1057.0	111.0365	0.23132653921170024	0.5284207397216211	0.5445922127920358	0.4747843525282655
sub-29000_ses-1_run-1_T1w	0.5303739285714286	1.803019561288486	0.6363	9096.6364	3.55072	3.68624	3.63164	3.33428	0.2527265903732014	0.3935644040294128	0.35370900559738583	0.5857197642326355	0.25467510521411896	0.0	0.005299930450185214	7.011101683955755	6.924666495732577	7.0318862007261345	160	240	256	2.4787964372577083	7.073905869509391	5.7845972290422525	7.801089380359661	27.2498691673599	37.04881201946104	38.92052020469384	52.462879427260575	1.0	1.0	1.0	10.0235	0.0	5.4078	0.0	2798645.0	0.0	32.0	11.9007	-0.5003	176.035	484.8172	495.0	347839.23175284336	158.0	779.0	199.6934	-0.463	67.6271	677.1792	673.0	541680.7932267854	526.0	845.0	95.1383	-0.3478	80.8776	918.2941	953.0	486825.9750166087	676.0	1069.0	122.1623	0.24666125567685912	0.5334764808036544	0.5438208933905335	0.5682070663140313
sub-29001_ses-1_run-1_T1w	0.5056543554006969	1.878163085857906	0.6544	3214.031	3.7091766666666666	3.86034	3.7505	3.51669	0.24485878391478508	0.39689857970130077	0.3582426363839141	0.6124070584774017	0.3107831001281738	0.0	0.005991975264524518	5.980485541658998	5.905943347629054	6.019020041854249	160	240	256	2.638319993892529	7.018271254028913	5.961552336053131	8.228065760237953	14.51953453605718	18.002079719982333	19.404027396588102	25.69046793372479	1.0	1.0	1.0	342.2236	0.0	9.1782	0.0	2450806.0	0.0	41.0	24.4556	-0.3769	225.6141	514.8212	542.0	393018.91631919355	161.0	828.0	205.4335	-0.4982	69.4574	677.5852	672.0	637055.5598982266	529.0	849.0	95.75	-0.2339	75.6654	928.731	959.0	575009.5237748801	691.0	1076.0	116.5522	0.2523325846742197	0.5323449793291729	0.5290673032945757	0.5996215584349183
sub-29002_ses-1_run-1_T1w	0.5419957295373665	1.7024644250337841	0.694	10843.2552	3.6116433333333333	3.68792	3.76385	3.38316	0.25882094332544886	0.3895891108007694	0.35158994587378184	0.5744233727455139	0.2885972082614899	0.0	0.002615811845097995	5.4192118935854054	5.336325838989431	5.44904504568017	160	240	256	2.3457305526692886	6.184738403466356	5.766760152956906	8.769811502735077	5.029410790442107	7.1695855948855565	7.458509193485423	10.176531195128604	1.0	1.0	1.0	161.4952	0.0	12.462	0.0	1799287.0	0.0	39.0	61.2227	-0.5261	153.6313	463.2396	470.0	458365.9377622063	131.0	761.0	200.3638	-0.5096	76.7045	674.754	670.0	689953.3547004898	503.0	871.0	108.3311	-0.2942	75.5963	924.3959	951.0	622657.7075934544	704.0	1059.0	108.4401	0.245417711429377	0.5476633423106896	0.5500411851600719	0.6658029938623202
sub-29003_ses-1_run-1_T1w	0.5212706713780919	1.9038847413352236	0.6682	9561.9234	3.6333033333333327	3.65712	3.86753	3.37526	0.257945512868821	0.3908914386333644	0.35116304849781455	0.5382806360721588	0.2536921501159668	0.0	0.006735713392549206	5.954077147304849	5.880632902977532	6.003922162499018	160	240	256	2.769420750230953	6.566813383370705	6.191533377895149	9.238366000083788	12.347440918734765	15.875281181230413	16.91795396992357	22.531139809805534	1.0	1.0	1.0	404.5721	0.0	7.0738	0.0	2560925.0	0.0	34.0	27.8557	-0.2977	171.4412	506.0258	525.0	415718.9175860521	184.0	785.0	189.5701	-0.5438	74.3029	680.9587	675.0	629981.7506224941	519.0	864.0	102.7895	-0.384	73.2167	932.9169	958.0	565953.3317486743	722.0	1064.0	103.6979	0.2501525410587459	0.5326615311760726	0.537209270133673	0.7776768097384538
sub-29004_ses-1_run-1_T1w	0.5253565217391305	1.890641293078909	0.6372	11312.9095	3.6002233333333336	3.70966	3.71126	3.37975	0.25931094034576285	0.3892742311924578	0.3514148284617793	0.5230748653411865	0.22203135490417486	0.0	0.006308824181545193	7.038536323889926	6.959677534718092	7.062217134971356	160	240	256	2.264976492573937	6.641464416644985	6.076235866464572	9.322266690174791	20.753429502431672	31.175856653432596	31.907255049994063	43.79247899411793	1.0	1.0	1.0	671.3873	0.0	4.9961	0.0	2635177.0	0.0	28.0	14.3317	-0.5259	136.1351	456.9713	454.0	356131.1627472335	126.0	759.0	200.4433	-0.5404	72.7635	685.7979	682.0	534619.4973388081	519.0	867.0	102.6881	-0.3953	72.2349	931.6553	958.0	482624.3401062813	722.0	1060.0	102.7646	0.2364041866475004	0.5511648601614642	0.5601712297733437	0.7499365382963398
sub-29005_ses-1_run-1_T1w	0.4904139072847682	2.111544616478357	0.6458	3709.079	3.7964233333333333	3.89126	3.93566	3.56235	0.25755197856853784	0.393381863882993	0.3490661575484691	0.6038542091846466	0.27929037511348725	0.0	0.005983950654508647	6.139406269725516	6.0776370715969374	6.186852983327298	160	240	256	2.372765540371087	6.963819120679788	6.17461646043522	9.187264720254785	19.20408045855401	27.11404141175884	28.581869217508196	39.42748578221173	1.0	1.0	1.0	161.714	0.0	8.4065	0.0	2321787.0	0.0	40.0	16.0679	-0.2993	159.76	464.5238	471.0	404031.57581944275	137.0	759.0	198.5023	-0.018	73.4647	669.4312	665.0	617113.0784815135	519.0	834.0	95.4935	0.875	74.6403	941.582	967.0	547593.3459467288	726.0	1073.0	105.2543	0.24323270643276224	0.5406438592911681	0.5401256749874493	0.6049361186292006
sub-30154_ses-1_run-1_T1w	0.5307259259259259	1.8598907849677628	0.6478	6795.3991	3.69853	3.74168	3.87343	3.48048	0.2592517430795952	0.38960006817505727	0.3511481887453475	0.5671446919441223	0.28275089710950846	0.0	0.00651240983988737	6.3054868971581035	6.225497352320532	6.332658016988084	160	240	256	2.4201968900233326	6.77392138609916	6.180499919980441	9.34738148381883	20.153748999116587	28.23987639794748	29.238670475975663	39.322386030862916	1.0	1.0	1.0	669.5548	0.0	6.1475	0.0	2675606.0	0.0	31.0	15.9609	-0.5513	157.821	483.5217	491.0	396109.1827970403	144.0	785.0	202.8758	-0.573	72.4784	694.0236	688.0	595267.6066486954	535.0	879.0	101.5659	-0.3667	70.8176	932.5001	958.0	536517.2107709851	724.0	1063.0	102.4885	0.23566180103917905	0.5381281464361941	0.5504156705563023	0.659235042857788
sub-30155_ses-1_run-1_T1w	0.5444014492753623	1.8831057492160181	0.6366	3875.7642	3.4331766666666668	3.51833	3.54144	3.23976	0.253710520974879	0.39446509700238336	0.3518243820227377	0.5686119794845581	0.25579545795917513	0.0	0.005574438152381334	7.3925578202155044	7.316612012325846	7.426901039446681	160	240	256	2.626490621527544	7.386207113380588	6.156369592359019	8.456411042168925	22.415120223126028	29.654244653162838	31.253248041323577	41.69037924768187	1.0	1.0	1.0	6.2889	0.0	8.3893	0.0	2347520.0	0.0	40.0	15.0229	-0.2717	160.3235	502.0411	514.0	331314.2265923659	168.0	794.0	195.6981	-0.5823	69.8773	682.2318	680.0	515122.1085702142	533.0	839.0	92.0634	-0.4939	80.3775	926.5086	956.0	459438.6648937667	702.0	1069.0	113.0502	0.2456243985315853	0.5395066435760199	0.5469646602399131	0.7067382298877624
sub-30156_ses-1_run-1_T1w	0.5186679577464788	1.8142105529438028	0.5708	1812.4488	3.6844933333333336	3.74316	3.86952	3.4408	0.2611798048260633	0.38743326685300683	0.3513869283209299	0.49492649734020233	0.2050856128334999	0.0	0.000424056487208417	6.475900761234033	6.391721618159233	6.512791240156127	160	240	256	2.423595457073692	5.619471760161133	5.903619414367538	9.66779102586779	53.026013759611494	74.67830271145286	77.91878133009578	106.05202751922299	1.0	1.0	1.0	197.9213	5.9304	9.3633	4.0	2609599.0	0.0	35.0	13.1923	-0.4818	151.8874	472.6949	480.0	388112.1453141008	142.0	767.0	198.0526	-0.5452	79.4444	682.6787	676.0	575724.2849021598	490.0	912.0	120.2959	-0.408	67.8573	933.4582	960.0	522159.5700203198	728.0	1054.0	99.2987	0.23858193050887236	0.543019209326828	0.5351331391449737	0.73523677332715
sub-30157_ses-1_run-1_T1w	0.5034835051546391	2.0144820875066896	0.6438	3816.0778	3.6018633333333336	3.72089	3.69474	3.38996	0.2574420275036005	0.39234815883687346	0.3502098136595261	0.5736358165740967	0.24371288418769832	0.0	0.006939441090450361	6.899870193932281	6.829673603709418	6.940321635879328	160	240	256	2.4196783622397744	6.811519586157664	6.131729328371406	9.163990036716777	25.81499731450419	36.77677961365671	38.43931659569484	52.726172858923626	1.0	1.0	1.0	253.5306	0.0	5.573	0.0	2855220.0	0.0	31.0	11.9531	-0.6286	147.4046	467.6428	471.0	360102.9571535324	152.0	757.0	194.6537	-0.5637	72.2493	674.302	671.0	548806.0112054781	514.0	843.0	98.5095	-0.5136	74.2644	934.0228	962.0	489864.0317040664	718.0	1063.0	104.976	0.2520133561098833	0.5439267089533054	0.5584778992695363	0.553612497462257
sub-30158_ses-1_run-1_T1w	0.5467626334519573	1.7603210539025849	0.6215	7695.7776	3.5593	3.5675	3.73447	3.37593	0.26319056595130924	0.3882580195177834	0.3485514145309074	0.6180278062820435	0.27454764097929	0.0	0.007031295712278408	6.369969886879094	6.2768568018643185	6.382615338157154	160	240	256	2.320507415361556	6.532987516508883	5.569092266597566	7.853781867922261	22.209682895478633	33.09291996842936	34.07782830082309	46.93088203856128	1.0	1.0	1.0	6.1352	0.0	7.4242	0.0	2664584.0	0.0	36.0	13.3035	-0.5997	141.2868	452.4229	451.0	398483.14999049145	145.0	745.0	194.3538	-0.4744	72.0659	676.1577	672.0	587841.2779245988	510.0	857.0	102.8625	-0.1434	81.5744	917.4288	953.0	527723.5720584786	679.0	1065.0	121.3427	0.24202781661755193	0.5440859867303932	0.5530937293729344	0.6297801997529119
sub-30159_ses-1_run-1_T1w	0.5315534722222223	1.939483410556706	0.6634	7848.7587	3.5847033333333336	3.58557	3.76158	3.40696	0.2622883302555146	0.38953137093057943	0.3481802988139059	0.533032238483429	0.23170294761657712	0.0	0.005325912039168684	6.2133819115285895	6.139964375386317	6.258597132866051	160	240	256	2.4549326429369027	6.188278936976283	6.064586496053331	9.55054790824681	25.48881398364815	35.462697716380035	37.20416947923798	50.660996737685764	1.0	1.0	1.0	66.6973	0.0	6.0022	0.0	2630524.0	0.0	33.0	12.4145	-0.5408	151.6365	472.6987	483.0	406042.00694562204	142.0	765.0	196.7465	-0.6322	79.4449	676.875	672.0	603023.7771800621	504.0	869.0	108.5923	-0.4992	73.6425	935.4115	960.0	539009.2161995922	731.0	1060.0	100.5177	0.24584795316515257	0.5414311502608985	0.5472793764219357	0.7901143702190657
sub-30160_ses-1_run-1_T1w	0.4625910000000001	2.3633359582452473	0.6399	4735.7588	3.5660666666666665	3.63642	3.71468	3.3471	0.25350231489603003	0.3978350849774936	0.3486626001264763	0.5480672419071198	0.24923206716775897	0.0	0.006975840213514943	6.362372433668714	6.320518789511178	6.44770524227742	160	240	256	2.95252584803515	7.47730114460815	7.152232550779506	11.02687065969522	26.636633505245264	32.347911680243804	35.243545712946144	46.74609195334936	1.0	1.0	1.0	461.3024	0.0	6.5686	0.0	2915676.0	0.0	35.0	13.6504	-0.0239	190.9612	528.6146	555.0	382636.90116101527	196.0	804.0	187.9744	-0.6214	71.5896	678.8089	674.0	600493.0730173038	537.0	833.0	90.1394	-0.3464	67.1877	955.9922	974.0	526272.0260280605	780.0	1072.0	88.3296	0.2534687882994829	0.5255476525561369	0.5258688314672443	0.7060859613433694
sub-30161_ses-1_run-1_T1w	0.5429098939929329	1.9165813124944011	0.6477	6594.0864	3.695156666666667	3.82582	3.83054	3.42911	0.2561341379191394	0.3928761688399978	0.3509896932408628	0.631781280040741	0.31451495885848996	0.0	0.007299668283870468	6.544386513402321	6.4712324879256915	6.579692210800903	160	240	256	2.4422658888925795	7.055066385254568	6.02778023141024	8.586008420083573	20.266791715395932	27.7638569434489	29.15067670175174	39.421381446410386	1.0	1.0	1.0	131.8017	0.0	7.3678	0.0	2604648.0	0.0	40.0	15.9042	-0.352	158.1278	480.5169	492.0	377213.61148688453	133.0	780.0	201.452	0.1402	73.4714	677.53	674.0	578596.1985358321	525.0	842.0	95.5341	-0.014	80.1721	930.6556	957.0	516909.1900739026	708.0	1075.0	111.4603	0.24068444729055694	0.5457715493456914	0.5505470559671329	0.5149055315093927
sub-30162_ses-1_run-1_T1w	0.5494644366197183	1.800078502633403	0.6732	9926.9631	3.6337233333333336	3.70216	3.81765	3.38136	0.25843466099987195	0.39000224948409096	0.3515630895160371	0.6486520767211914	0.3374123215675354	0.0	0.005456878650805213	6.321594054913267	6.235697267542141	6.340774501507964	160	240	256	2.308013332069939	6.674589423741687	5.630309474591216	7.908325667962023	16.8204940897951	24.356949233924073	25.29142112780158	34.69682005968557	1.0	1.0	1.0	676.5114	0.0	5.7647	0.0	2359467.0	0.0	32.0	17.9943	-0.5007	148.212	457.7862	462.0	394134.82496879366	126.0	757.0	200.1719	-0.585	74.0446	673.1116	669.0	594786.5806511308	513.0	848.0	100.2308	-0.3332	82.0033	922.205	953.0	536163.594371578	684.0	1077.0	120.5058	0.24280386499070097	0.5450811323034315	0.5533704802887759	0.533279501095121
sub-30163_ses-1_run-1_T1w	0.6131256603773585	1.7151839395242328	0.6386	2936.1649	3.9259766666666667	3.99231	4.08783	3.69779	0.2595402105874412	0.38803959011817085	0.3524201992943879	0.6590354740619659	0.32175873816013334	0.0	0.006000823213341636	6.275844452391608	6.184659232118478	6.2878693414769415	160	240	256	2.2350412298511078	6.360893458553974	5.695295267824281	8.48995111506776	19.768491400233522	29.094062343387165	29.781662044264852	40.48243238917387	1.0	1.0	1.0	7.6291	0.0	9.0331	0.0	2284463.0	0.0	42.0	15.2446	-0.6519	152.2226	453.8537	460.0	398695.80905849324	118.0	769.0	205.8125	-0.7061	80.2271	681.7539	677.0	596091.6729578103	513.0	870.0	106.4315	-0.3863	82.2512	917.8761	942.0	541374.5182999031	704.0	1065.0	110.9546	0.23413220170440635	0.5570798145693027	0.5654195228116444	0.6192125111302667
sub-30164_ses-1_run-1_T1w	0.5796329411764706	1.594898777961342	0.5679	1299.1385	3.5961033333333337	3.65453	3.72834	3.40544	0.2550788458905212	0.38912446474585577	0.35579668936362296	0.6047669053077698	0.2941233590245246	0.0	0.0004085007506704691	6.475648291714385	6.369934472546664	6.478814642488942	160	240	256	2.566432543155063	6.467596305012623	5.61035804800204	7.797045295838433	36.970915149062456	49.932829623634156	51.87220697873105	68.71287616349655	1.0	1.0	1.0	4.1162	8.8956	12.1488	6.0	2511532.0	0.0	46.0	15.972	-0.0113	162.543	492.6962	502.0	379329.79235609085	165.0	784.0	195.602	0.5759	68.9	684.8936	678.0	578670.1045216136	521.0	882.0	104.8302	0.8429	78.9064	900.6016	933.0	529108.1031282922	670.0	1052.0	119.6606	0.24087607535801328	0.5403788158780832	0.5415686415197576	0.5575587605868504
sub-30165_ses-1_run-1_T1w	0.5038220279720279	2.1802773136983387	0.6496	4069.097	3.8278933333333334	3.84023	4.02321	3.62024	0.25544583261709763	0.39448645275858013	0.35006771462432223	0.5416657328605652	0.2483264237642288	0.0	0.007069441872387512	6.486499474579349	6.4316918828021	6.540403356277106	160	240	256	2.4719253356898183	7.1984177840536265	6.837165046727082	10.841152020437802	25.031470080526084	34.10662457187219	35.83522542736669	48.367581629701796	1.0	1.0	1.0	79.026	0.0	6.4888	0.0	2651419.0	0.0	34.0	13.1386	-0.5457	167.7559	488.8059	502.0	379584.07766382	144.0	793.0	203.0803	-0.6949	76.1971	689.3942	684.0	586193.8509119964	541.0	854.0	95.0208	-0.4047	67.896	951.4042	970.0	520189.07184419147	773.0	1068.0	89.4738	0.23816537760422452	0.5390648692338985	0.5399229747582222	0.5722391222810612
sub-30166_ses-1_run-1_T1w	0.4794182724252492	2.130474672958425	0.6385	3819.0768	3.7712733333333333	3.87988	3.91366	3.52028	0.26003611742764005	0.3922863252762367	0.34767755729612326	0.566527783870697	0.24914479553699498	0.0	0.0072451536846072735	6.613530715609366	6.550432819808345	6.653584855491128	160	240	256	2.201305798342782	6.915385603733776	6.163394217044896	9.373491249058128	24.557063136933348	36.39707572081192	37.9501637912281	52.896352515939014	1.0	1.0	1.0	48.9336	0.0	5.6214	0.0	3018777.0	0.0	31.0	11.9518	-0.7221	156.9975	447.2438	448.0	379623.6075229298	122.0	751.0	203.5153	-0.5231	71.0796	669.8044	664.0	572694.0990215276	519.0	838.0	96.0177	-0.4931	73.2253	938.7135	965.0	507570.2939313505	724.0	1065.0	102.9498	0.2322236917622094	0.5337701978146443	0.544492326294185	0.6684281683691862
sub-30167_ses-1_run-1_T1w	0.4792596091205212	2.094529398544066	0.6412	11166.206	3.7642733333333336	3.83659	3.86319	3.59304	0.2686639208470884	0.3878137844386268	0.3435222947142848	0.4815117120742798	0.187207892537117	0.0	0.005046378012898835	7.112855905600542	7.048727628299722	7.160391300959	160	240	256	2.1408833936384024	5.925545783547659	6.102278422733742	10.240406091015165	27.438656946306423	42.376056639038666	43.9574122574395	62.05752318697341	1.0	1.0	1.0	224.1058	0.0	4.319	0.0	2897573.0	0.0	26.0	10.2191	-0.8185	145.3689	428.9764	428.0	364928.0844281316	111.0	732.0	199.9172	-0.5936	80.315	666.6536	661.0	526770.1782352894	489.0	864.0	111.5508	-0.417	66.8177	944.3901	968.0	466608.7376867768	749.0	1061.0	94.5274	0.22612955209389626	0.5408319233930604	0.5441436614513279	0.7869229522909623
